{
  "assetsJs": [
    "./src/assets/plugins/jquery/*.js",
    "./src/assets/plugins/bootstrap/js/*.js",
    "./src/assets/plugins/ace/js/ace-extra.js",
    "./src/assets/plugins/ace/js/ace-elements.js",
    "./src/assets/plugins/ace/js/ace.js",
    "./src/assets/plugins/basil.js/*.js",
    "./src/assets/plugins/messenger/js/messenger.js",
    "./src/assets/plugins/messenger/js/messenger-*.js",
    "./src/assets/plugins/moment/*.js",
    "./src/assets/plugins/moment-range/*.js",
    "./src/assets/plugins/mousestrap/*.js",
    "./src/assets/plugins/nprogress/*.js",
    "./src/assets/plugins/jquery.gritter/js/*.js",
    "./src/assets/plugins/ckeditor/*.js",
    "./src/assets/plugins/jszip/*.js",
    "./src/assets/plugins/angular/angular.js",
    "./src/assets/plugins/angular/angular-*.js",
    "./src/assets/plugins/angular-bootstrap/*.js",
    "./src/assets/plugins/angular-translate/*.js",
    "./src/assets/plugins/angular-translate-storage-local/*.js",
    "./src/assets/plugins/angular-translate-storage-cookie/*.js",
    "./src/assets/plugins/angular-ui-select/*.js",
    "./src/assets/plugins/ng-file-upload/*.js",
    "./src/assets/plugins/angulartics/*.js",
    "./src/assets/plugins/angulartics-google-analytics/*.js",
    "./src/assets/plugins/kendo/js/*.js",
    "!./src/assets/plugins/**/*.min.js"
  ],
  "assetsJs.min": [
    "./src/assets/plugins/jquery/*.min.js",
    "./src/assets/plugins/bootstrap/js/*.min.js",
    "./src/assets/plugins/ace/js/ace-extra.min.js",
    "./src/assets/plugins/ace/js/ace-elements.min.js",
    "./src/assets/plugins/ace/js/ace.min.js",
    "./src/assets/plugins/basil.js/*.min.js",
    "./src/assets/plugins/messenger/js/messenger.min.js",
    "./src/assets/plugins/messenger/js/messenger-*.min.js",
    "./src/assets/plugins/moment/*.min.js",
    "./src/assets/plugins/moment-range/*.min.js",
    "./src/assets/plugins/mousestrap/*.min.js",
    "./src/assets/plugins/nprogress/*.min.js",
    "./src/assets/plugins/jquery.gritter/js/*.min.js",
    "./src/assets/plugins/ckeditor/*.js",
    "./src/assets/plugins/jszip/*.min.js",
    "./src/assets/plugins/angular/angular.min.js",
    "./src/assets/plugins/angular/angular-*.min.js",
    "./src/assets/plugins/angular-bootstrap/*.min.js",
    "./src/assets/plugins/angular-translate/*.min.js",
    "./src/assets/plugins/angular-translate-storage-local/*.min.js",
    "./src/assets/plugins/angular-translate-storage-cookie/*.min.js",
    "./src/assets/plugins/angular-ui-select/*.min.js",
    "./src/assets/plugins/ng-file-upload/*.min.js",
    "./src/assets/plugins/angulartics/*.min.js",
    "./src/assets/plugins/angulartics-google-analytics/*.min.js",
    "./src/assets/plugins/kendo/js/*.min.js"
  ],
  "assetsCss": [
    "./src/assets/plugins/bootstrap/css/bootstrap.css",
    "./src/assets/plugins/bootstrap/css/bootstrap-*.css",
    "./src/assets/plugins/font-awesome/css/*.css",
    "./src/assets/plugins/css3-animate/*.css",
    "./src/assets/plugins/jquery.gritter/css/*.css",
    "./src/assets/plugins/ace/css/*.css",
    "./src/assets/plugins/angular-bootstrap/*.css",
    "./src/assets/plugins/angular-ui-select/*.css",
    "./src/assets/plugins/kendo/styles/kendo.common.css",
    "./src/assets/plugins/kendo/styles/kendo.bootstrap.css",
    "./src/assets/plugins/messenger/css/messenger.css",
    "./src/assets/plugins/messenger/css/messenger-*.css",
    "./src/assets/plugins/nprogress/*.css",
    "!./src/assets/plugins/**/*.min.css"
  ],
  "assetsCss.min": [
    "./src/assets/plugins/bootstrap/css/bootstrap.min.css",
    "./src/assets/plugins/bootstrap/css/bootstrap-*.min.css",
    "./src/assets/plugins/font-awesome/css/*.min.css",
    "./src/assets/plugins/css3-animate/*.min.css",
    "./src/assets/plugins/jquery.gritter/css/*.min.css",
    "./src/assets/plugins/ace/css/*.min.css",
    "./src/assets/plugins/angular-bootstrap/*.min.css",
    "./src/assets/plugins/angular-ui-select/*.min.css",
    "./src/assets/plugins/kendo/styles/kendo.common.min.css",
    "./src/assets/plugins/kendo/styles/kendo.bootstrap.min.css",
    "./src/assets/plugins/messenger/css/messenger.min.css",
    "./src/assets/plugins/messenger/css/messenger-*.min.css",
    "./src/assets/plugins/nprogress/*.min.css"
  ],
  "assetsFonts": [
    "./src/assets/plugins/ace/fonts/*.*",
    "./src/assets/plugins/bootstrap/fonts/*.*",
    "./src/assets/plugins/font-awesome/fonts/*.*",
    "./src/assets/fonts/*.*"
  ],
  "assetsCssImages": [
    "./src/assets/plugins/ace/css/im*/*.*",
    "./src/assets/plugins/kendo/styles/Bootstrap*/*.*",
    "./src/assets/plugins/kendo/styles/textures*/*.*",
    "./src/assets/plugins/jquery.gritter/images/**/*.*"
  ],
  "assetsStaticFiles": [
    "./src/assets/images*/**/*.*",
    "./src/assets/resources*/**/*.*"
  ],
  "assetsRequireJs": [
    "./src/assets/plugins/requirejs/require.js"
  ],
  "assetsRequireJs.min": [
    "./src/assets/plugins/requirejs/require.min.js"
  ]
}